,round_epochs,val_loss,val_r_value,loss,r_value,first_neuron,first_activation,hidden_layer,hidden_neuron,batch_size,epochs,kernel_initializer,optimizers,losses,activation,last_activation
0,120,0.0336145159371,0.289435781655,0.0293004278315,0.334580433863,24,linear,1,24,60,120,normal,Adam,MSE,linear,linear
1,120,0.0287966618495,0.243640165531,0.0248541333913,0.26668042724,24,linear,1,24,120,120,uniform,Adam,MSE,linear,linear
2,120,0.0626074808028,0.288231928334,0.0379211560574,0.359441952306,24,linear,1,24,120,120,normal,Adam,MSE,linear,linear
3,120,0.0346765869814,0.264232223684,0.0243657209685,0.284735555423,24,linear,1,24,60,120,uniform,Adam,MSE,linear,linear
4,120,0.0339387717035,0.291575575697,0.0264343383708,0.309258853633,24,linear,1,24,240,120,uniform,Adam,MSE,linear,linear
5,120,0.032595320415,0.280749969348,0.0267761197822,0.301591922598,24,linear,1,24,240,120,normal,Adam,MSE,linear,linear
