,round_epochs,val_loss,val_r_value,loss,r_value,first_neuron,first_activation,hidden_layer,hidden_neuron,batch_size,epochs,kernel_initializer,optimizers,losses,activation,last_activation,lr,drop_out
0,80,0.0258862454339,0.209168862586,0.00395843339975,0.0613479524641,12,relu,1,24,20,80,normal,<class 'keras.optimizers.RMSprop'>,MSE,relu,linear,1,0.1
1,80,0.0239218882516,0.21093914875,0.00294093445845,0.051931288528,24,relu,2,8,20,80,normal,<class 'keras.optimizers.RMSprop'>,MSE,relu,linear,1,0.1
2,80,0.0282147693153,0.236351296819,0.00222598045234,0.0414462834013,24,relu,1,16,20,80,normal,<class 'keras.optimizers.RMSprop'>,MSE,relu,linear,1,0.1
3,80,0.0256864343621,0.225688712163,0.00218709277211,0.0444136977476,18,relu,2,16,20,80,normal,<class 'keras.optimizers.RMSprop'>,MSE,relu,linear,1,0.1
4,80,0.0233081132232,0.20376377812,0.00310837021411,0.0521051638651,18,relu,2,8,40,80,normal,<class 'keras.optimizers.RMSprop'>,MSE,relu,linear,1,0.1
5,80,0.0280035036648,0.240896329984,0.00419575599049,0.0642949865494,12,relu,1,8,20,80,normal,<class 'keras.optimizers.RMSprop'>,MSE,relu,linear,1,0.1
6,80,0.027745573434,0.226295414016,0.00616849257524,0.0831840109246,18,relu,0,8,20,80,normal,<class 'keras.optimizers.RMSprop'>,MSE,relu,linear,1,0.1
7,80,0.0301909559584,0.233118683754,0.00770850007815,0.0951337265427,12,relu,0,16,20,80,normal,<class 'keras.optimizers.RMSprop'>,MSE,relu,linear,1,0.1
8,80,0.0266977427089,0.231344304675,0.00279584254365,0.0486640583377,18,relu,1,16,40,80,normal,<class 'keras.optimizers.RMSprop'>,MSE,relu,linear,1,0.1
9,80,0.0267717974395,0.231461766372,0.00191847735176,0.0381273337426,24,relu,1,24,40,80,normal,<class 'keras.optimizers.RMSprop'>,MSE,relu,linear,1,0.1
10,80,0.0266133062541,0.224779016546,0.00159060493361,0.0379556712921,24,relu,2,16,40,80,normal,<class 'keras.optimizers.RMSprop'>,MSE,relu,linear,1,0.1
11,80,0.0261648811377,0.225470159495,0.00656378258839,0.0867100737015,12,relu,0,16,40,80,normal,<class 'keras.optimizers.RMSprop'>,MSE,relu,linear,1,0.1
12,80,0.0249407249547,0.207707941719,0.00248090597271,0.0470627091691,18,relu,1,24,40,80,normal,<class 'keras.optimizers.RMSprop'>,MSE,relu,linear,1,0.1
13,80,0.0290316382079,0.24132008575,0.00491878102127,0.0719146708912,18,relu,0,24,20,80,normal,<class 'keras.optimizers.RMSprop'>,MSE,relu,linear,1,0.1
14,80,0.0255532522093,0.217514098812,0.00289675885007,0.0514231111355,24,relu,1,8,40,80,normal,<class 'keras.optimizers.RMSprop'>,MSE,relu,linear,1,0.1
15,80,0.0283882203731,0.225388288124,0.00541704290889,0.0723401160565,18,relu,0,8,40,80,normal,<class 'keras.optimizers.RMSprop'>,MSE,relu,linear,1,0.1
16,80,0.0263848535039,0.228514511197,0.00434111017433,0.0632373471697,12,relu,1,16,20,80,normal,<class 'keras.optimizers.RMSprop'>,MSE,relu,linear,1,0.1
17,80,0.0246408213993,0.216644957335,0.00365957819704,0.0587725001289,12,relu,2,16,40,80,normal,<class 'keras.optimizers.RMSprop'>,MSE,relu,linear,1,0.1
18,80,0.0284193847737,0.227611714583,0.00462169334119,0.065417204131,24,relu,0,24,20,80,normal,<class 'keras.optimizers.RMSprop'>,MSE,relu,linear,1,0.1
19,80,0.0287015045815,0.239335289196,0.00570181298479,0.0764306441545,18,relu,0,16,20,80,normal,<class 'keras.optimizers.RMSprop'>,MSE,relu,linear,1,0.1
20,80,0.0312486347103,0.248361793618,0.00245186297851,0.0437250433719,24,relu,1,16,40,80,normal,<class 'keras.optimizers.RMSprop'>,MSE,relu,linear,1,0.1
21,80,0.0267351680672,0.22222707862,0.00257663683557,0.048097266335,18,relu,1,24,20,80,normal,<class 'keras.optimizers.RMSprop'>,MSE,relu,linear,1,0.1
22,80,0.0259752289617,0.229187238179,0.00362223270696,0.057399067453,12,relu,2,16,20,80,normal,<class 'keras.optimizers.RMSprop'>,MSE,relu,linear,1,0.1
23,80,0.0292847088909,0.219978627927,0.00427088194571,0.0614292757438,24,relu,0,8,40,80,normal,<class 'keras.optimizers.RMSprop'>,MSE,relu,linear,1,0.1
24,80,0.0257240227018,0.230831746958,0.00427458135808,0.0665217330424,12,relu,1,16,40,80,normal,<class 'keras.optimizers.RMSprop'>,MSE,relu,linear,1,0.1
25,80,0.0265897310523,0.222528697368,0.00395689328065,0.0626398103258,12,relu,2,8,40,80,normal,<class 'keras.optimizers.RMSprop'>,MSE,relu,linear,1,0.1
26,80,0.0243309934428,0.215769047274,0.00264247507231,0.046047326262,18,relu,2,16,40,80,normal,<class 'keras.optimizers.RMSprop'>,MSE,relu,linear,1,0.1
27,80,0.0290030856153,0.22234085006,0.00535893076342,0.0744108572637,24,relu,0,8,20,80,normal,<class 'keras.optimizers.RMSprop'>,MSE,relu,linear,1,0.1
28,80,0.0301073477443,0.261132389587,0.00207576459336,0.0399506520553,24,relu,1,24,20,80,normal,<class 'keras.optimizers.RMSprop'>,MSE,relu,linear,1,0.1
29,80,0.0268208547481,0.227956320799,0.00275845417061,0.0493088946645,12,relu,2,24,40,80,normal,<class 'keras.optimizers.RMSprop'>,MSE,relu,linear,1,0.1
30,80,0.025644362545,0.22500062512,0.00459518481284,0.070658635421,12,relu,2,8,20,80,normal,<class 'keras.optimizers.RMSprop'>,MSE,relu,linear,1,0.1
31,80,0.0263459144925,0.231130353149,0.00187430237934,0.0398670462957,24,relu,2,16,20,80,normal,<class 'keras.optimizers.RMSprop'>,MSE,relu,linear,1,0.1
32,80,0.0277504630235,0.233282163412,0.0068162990575,0.0906743189742,12,relu,0,24,40,80,normal,<class 'keras.optimizers.RMSprop'>,MSE,relu,linear,1,0.1
33,80,0.0297219425872,0.24191286534,0.00457990571992,0.0657601755582,24,relu,0,16,40,80,normal,<class 'keras.optimizers.RMSprop'>,MSE,relu,linear,1,0.1
34,80,0.0307764652124,0.236432916505,0.00424769107244,0.0631356943653,24,relu,0,16,20,80,normal,<class 'keras.optimizers.RMSprop'>,MSE,relu,linear,1,0.1
35,80,0.0291193811147,0.239135416137,0.00655681144857,0.0865896591565,12,relu,0,8,20,80,normal,<class 'keras.optimizers.RMSprop'>,MSE,relu,linear,1,0.1
36,80,0.028184206006,0.239429215092,0.00230223030149,0.0453636334478,24,relu,1,8,20,80,normal,<class 'keras.optimizers.RMSprop'>,MSE,relu,linear,1,0.1
37,80,0.0266310085826,0.228882290913,0.00172311622382,0.0384782716083,24,relu,2,24,20,80,normal,<class 'keras.optimizers.RMSprop'>,MSE,relu,linear,1,0.1
38,80,0.0302585351476,0.24058825525,0.0051795595855,0.0716740060991,24,relu,0,24,40,80,normal,<class 'keras.optimizers.RMSprop'>,MSE,relu,linear,1,0.1
39,80,0.0283351554988,0.236008816378,0.00276166712063,0.0498310799419,24,relu,2,8,40,80,normal,<class 'keras.optimizers.RMSprop'>,MSE,relu,linear,1,0.1
40,80,0.0271999424434,0.221420197464,0.00584392006762,0.0782538018566,18,relu,0,24,40,80,normal,<class 'keras.optimizers.RMSprop'>,MSE,relu,linear,1,0.1
41,80,0.0262990837747,0.226070308947,0.00219025741533,0.0421611437969,18,relu,2,24,20,80,normal,<class 'keras.optimizers.RMSprop'>,MSE,relu,linear,1,0.1
42,80,0.0254249614153,0.216498476958,0.00332652069242,0.0539742059883,18,relu,1,8,20,80,normal,<class 'keras.optimizers.RMSprop'>,MSE,relu,linear,1,0.1
43,80,0.0247193238987,0.204578684789,0.00175323494938,0.0373760232164,24,relu,2,24,40,80,normal,<class 'keras.optimizers.RMSprop'>,MSE,relu,linear,1,0.1
44,80,0.0258894976182,0.216790490016,0.00353028831971,0.0565000125553,12,relu,2,24,20,80,normal,<class 'keras.optimizers.RMSprop'>,MSE,relu,linear,1,0.1
45,80,0.0327425936068,0.249244303726,0.00581031903251,0.0812113853106,18,relu,0,16,40,80,normal,<class 'keras.optimizers.RMSprop'>,MSE,relu,linear,1,0.1
46,80,0.0259917087584,0.219341703717,0.00348348525909,0.0548330211695,12,relu,1,24,40,80,normal,<class 'keras.optimizers.RMSprop'>,MSE,relu,linear,1,0.1
47,80,0.0254985051738,0.224793099871,0.00494605517992,0.0742059680476,12,relu,1,8,40,80,normal,<class 'keras.optimizers.RMSprop'>,MSE,relu,linear,1,0.1
48,80,0.0279799133399,0.231368252663,0.00319998591012,0.054806302139,18,relu,1,8,40,80,normal,<class 'keras.optimizers.RMSprop'>,MSE,relu,linear,1,0.1
49,80,0.0264657715388,0.23072728169,0.00183196792345,0.0375318447407,18,relu,2,24,40,80,normal,<class 'keras.optimizers.RMSprop'>,MSE,relu,linear,1,0.1
50,80,0.0284614335442,0.244748700749,0.00648004617673,0.088900936378,12,relu,0,24,20,80,normal,<class 'keras.optimizers.RMSprop'>,MSE,relu,linear,1,0.1
51,80,0.0284015560657,0.252574451665,0.00266933390512,0.0474126914935,18,relu,1,16,20,80,normal,<class 'keras.optimizers.RMSprop'>,MSE,relu,linear,1,0.1
52,80,0.0295173851102,0.236033627419,0.0073126761517,0.095887763433,12,relu,0,8,40,80,normal,<class 'keras.optimizers.RMSprop'>,MSE,relu,linear,1,0.1
53,80,0.0247284522204,0.219585531558,0.00330707025182,0.0540409854547,18,relu,2,8,20,80,normal,<class 'keras.optimizers.RMSprop'>,MSE,relu,linear,1,0.1
