,round_epochs,val_loss,val_r_value,loss,r_value,first_neuron,first_activation,hidden_layer,hidden_neuron,batch_size,epochs,kernel_initializer,optimizers,losses,activation,last_activation
0,40,0.0970723950027,0.548478525634,0.0679361065769,0.65557719948,24,linear,4,8,20,40,normal,Adam,MSE,linear,linear
1,40,9.81399625521,0.773015007517,10.1062079869,0.916770821264,24,linear,3,4,20,40,normal,Adam,MSE,linear,linear
2,40,0.063750469082,0.467068731598,0.0723437313268,0.533592241578,24,linear,2,8,20,40,normal,Adam,MSE,linear,linear
3,40,0.220545919244,0.572395808271,0.12977265762,0.741778685978,24,linear,2,4,20,40,normal,Adam,MSE,linear,linear
4,40,0.110142510233,0.698888548863,0.105283152939,0.67407336376,24,linear,4,4,20,40,normal,Adam,MSE,linear,linear
5,40,0.135764596464,0.750199143042,0.0925609900171,0.800688747745,24,linear,2,2,20,40,normal,Adam,MSE,linear,linear
6,40,0.117275648963,0.756602447235,0.089992056724,0.951655689402,24,linear,4,2,20,40,normal,Adam,MSE,linear,linear
7,40,0.591548480397,0.802947941058,0.550356497429,0.893447395825,24,linear,3,8,20,40,normal,Adam,MSE,linear,linear
8,40,0.0663701061358,0.728026142502,0.0487206812274,0.782344845981,24,linear,3,2,20,40,normal,Adam,MSE,linear,linear
