,round_epochs,val_loss,val_r_value,loss,r_value,first_neuron,first_activation,hidden_layer,hidden_neuron,batch_size,epochs,kernel_initializer,optimizers,losses,activation,last_activation,lr,drop_out
0,120,nan,nan,nan,nan,24,linear,1,24,120,120,uniform,<class 'keras.optimizers.SGD'>,MSE,linear,linear,100,0
1,120,0.0249740148086,0.219868853361,0.0142503643063,0.16326931168,24,linear,1,24,120,120,uniform,<class 'keras.optimizers.SGD'>,MSE,linear,linear,5,0
2,120,nan,nan,nan,nan,24,linear,1,24,120,120,uniform,<class 'keras.optimizers.SGD'>,MSE,linear,linear,10,0
3,120,nan,nan,nan,nan,24,linear,1,24,120,120,uniform,<class 'keras.optimizers.SGD'>,MSE,linear,linear,50,0
4,120,0.0253150566104,0.218986219934,0.0143876143147,0.169546985776,24,linear,1,24,120,120,uniform,<class 'keras.optimizers.SGD'>,MSE,linear,linear,1,0
