,round_epochs,val_loss,val_r_value,loss,r_value,first_neuron,first_activation,hidden_layer,hidden_neuron,batch_size,epochs,kernel_initializer,optimizers,losses,activation,last_activation,lr
0,120,0.0254841452599,0.220170428387,0.014346076053,0.170756991711,24,linear,1,24,120,120,uniform,SGD,MSE,linear,linear,10
1,120,0.0253395033726,0.226972270909,0.0142472141591,0.168327167338,24,linear,1,24,120,120,uniform,SGD,MSE,linear,linear,50
2,120,0.0252531968221,0.222406622758,0.0143908223658,0.171727976859,24,linear,1,24,120,120,uniform,SGD,MSE,linear,linear,100
3,120,0.025084335719,0.22004524574,0.0143204978262,0.168904794831,24,linear,1,24,120,120,uniform,SGD,MSE,linear,linear,5
4,120,0.0253452925204,0.222198422987,0.0142141770733,0.165967846159,24,linear,1,24,120,120,uniform,SGD,MSE,linear,linear,1
