,round_epochs,val_loss,val_r_value,loss,r_value,first_neuron,first_activation,hidden_layer,hidden_neuron,batch_size,epochs,kernel_initializer,optimizers,losses,activation,last_activation,lr,drop_out
0,120,0.0530005944163,0.493711721934,0.0528969435501,0.598409237111,24,linear,1,24,60,120,normal,<class 'keras.optimizers.Adam'>,MSE,linear,linear,1,0
1,120,0.0354604715318,0.299277410425,0.0270359698266,0.323490686359,24,linear,2,24,60,120,normal,<class 'keras.optimizers.Adam'>,MSE,linear,linear,1,0
2,120,0.059296636197,0.293868115143,0.0324542911646,0.376843802427,24,linear,2,8,60,120,normal,<class 'keras.optimizers.Adam'>,MSE,linear,linear,1,0
3,120,0.0630485997725,0.325779480994,0.0489152954686,0.458900534976,24,linear,2,16,60,120,normal,<class 'keras.optimizers.Adam'>,MSE,linear,linear,1,0
4,120,0.0406333007222,0.323730942971,0.0320993973235,0.414235619287,24,linear,1,16,60,120,normal,<class 'keras.optimizers.Adam'>,MSE,linear,linear,1,0
5,120,0.0452545309749,0.289712561148,0.0336477893755,0.332103123726,24,linear,1,8,60,120,normal,<class 'keras.optimizers.Adam'>,MSE,linear,linear,1,0
