,round_epochs,val_loss,val_r_value,loss,r_value,first_neuron,first_activation,hidden_layer,hidden_neuron,batch_size,epochs,kernel_initializer,optimizers,losses,activation,last_activation
0,120,0.047020494319,0.294256998267,0.0355444613293,0.380643290473,24,linear,1,24,60,120,normal,Adam,MSE,linear,linear
1,120,0.0534290392244,0.321607060941,0.0408636321056,0.338916638351,24,linear,1,8,60,120,normal,Adam,MSE,linear,linear
2,120,0.0384618309108,0.342842700713,0.0307686903857,0.362127954314,24,linear,1,16,60,120,normal,Adam,MSE,linear,linear
3,120,0.0364537882476,0.308292591086,0.0358932960542,0.344960830972,24,linear,2,16,60,120,normal,Adam,MSE,linear,linear
4,120,0.0660181085705,0.405148297455,0.0549118522038,0.405899107363,24,linear,2,8,60,120,normal,Adam,MSE,linear,linear
5,120,0.132363438256,0.347308927943,0.08242343491,0.563277931818,24,linear,2,24,60,120,normal,Adam,MSE,linear,linear
