,round_epochs,val_loss,val_r_value,loss,r_value,first_neuron,first_activation,hidden_layer,hidden_neuron,batch_size,epochs,kernel_initializer,optimizers,losses,activation,last_activation,lr,drop_out
0,40,0.0282525731,0.242549121006,0.00431361495894,0.0730158421988,24,relu,1,8,20,40,normal,<class 'keras.optimizers.Adam'>,MSE,relu,linear,1,0
1,40,0.0267166149887,0.235664527992,0.00564355515316,0.0832856284424,24,relu,2,8,20,40,normal,<class 'keras.optimizers.Adamax'>,MSE,relu,linear,1,0
2,40,0.0277872510126,0.235601592027,0.00468098947096,0.0681167945978,24,relu,2,8,20,40,normal,<class 'keras.optimizers.RMSprop'>,MSE,relu,linear,1,0
3,40,0.0303265351779,0.245787220128,0.00581172306584,0.0848128582783,24,relu,1,8,20,40,normal,<class 'keras.optimizers.Adamax'>,MSE,relu,linear,1,0
4,40,0.0269046587735,0.234181011732,0.00656404567316,0.0891794092317,24,relu,2,8,20,40,normal,<class 'keras.optimizers.Adagrad'>,MSE,relu,linear,1,0
5,40,0.0277131962879,0.23125980715,0.00469196452588,0.0721233108591,24,relu,1,8,20,40,normal,<class 'keras.optimizers.Nadam'>,MSE,relu,linear,1,0
6,40,0.0254949422839,0.220632785353,0.00562623785641,0.0821685896036,24,relu,2,8,20,40,normal,<class 'keras.optimizers.Adam'>,MSE,relu,linear,1,0
7,40,0.0320749354306,0.279528688114,0.00614451418923,0.088463425963,24,relu,1,8,20,40,normal,<class 'keras.optimizers.Adagrad'>,MSE,relu,linear,1,0
8,40,0.0272662084386,0.234477147226,0.0058108495385,0.077698929476,24,relu,1,8,20,40,normal,<class 'keras.optimizers.RMSprop'>,MSE,relu,linear,1,0
9,40,0.0292450570878,0.241270847455,0.00532665300076,0.0791199559239,24,relu,1,8,20,40,normal,<class 'keras.optimizers.Adadelta'>,MSE,relu,linear,1,0
10,40,0.0276027489278,0.236055375267,0.014375036877,0.176488275675,24,relu,2,8,20,40,normal,<class 'keras.optimizers.SGD'>,MSE,relu,linear,1,0
11,40,0.0260165688293,0.227079825528,0.00370215641618,0.05919980256,24,relu,2,8,20,40,normal,<class 'keras.optimizers.Nadam'>,MSE,relu,linear,1,0
12,40,0.0349570014937,0.2994855519,0.0124771124964,0.15446294997,24,relu,1,8,20,40,normal,<class 'keras.optimizers.SGD'>,MSE,relu,linear,1,0
13,40,0.0260841429502,0.222622196689,0.00536623790447,0.0778871194497,24,relu,2,8,20,40,normal,<class 'keras.optimizers.Adadelta'>,MSE,relu,linear,1,0
