,round_epochs,val_loss,val_r_value,loss,r_value,first_neuron,first_activation,hidden_layer,hidden_neuron,batch_size,epochs,kernel_initializer,optimizers,losses,activation,last_activation,lr
0,40,0.0244199473201,0.212301848077,0.00801769469973,0.101826652149,24,relu,2,8,20,40,normal,Adamax,MSE,relu,linear,1
1,40,0.0298650184629,0.244075979932,0.00480739495002,0.0691731010645,24,relu,1,8,20,40,normal,Adam,MSE,relu,linear,1
2,40,0.025651745358,0.229497847512,0.00578543648908,0.0828773719124,24,relu,1,8,20,40,normal,Adadelta,MSE,relu,linear,1
3,40,0.0241364643889,0.209316112592,0.00457238626649,0.0680969849451,24,relu,2,8,20,40,normal,RMSprop,MSE,relu,linear,1
4,40,0.0259850755929,0.228241824244,0.0037091588276,0.0628777652302,24,relu,2,8,20,40,normal,Nadam,MSE,relu,linear,1
5,40,0.0270982624315,0.241803106656,0.00498073548042,0.0738487427087,24,relu,2,8,20,40,normal,Adadelta,MSE,relu,linear,1
6,40,0.0290017518621,0.238653868157,0.00570401637366,0.0783912815334,24,relu,1,8,20,40,normal,Nadam,MSE,relu,linear,1
7,40,0.0282037795337,0.241823335987,0.00575507356958,0.081886918963,24,relu,2,8,20,40,normal,Adagrad,MSE,relu,linear,1
8,40,0.0307098949929,0.249978796629,0.0067153393948,0.093468091641,24,relu,1,8,20,40,normal,Adagrad,MSE,relu,linear,1
9,40,0.0298541205874,0.263125718014,0.0126811715387,0.153626584503,24,relu,1,8,20,40,normal,SGD,MSE,relu,linear,1
10,40,0.0261619951763,0.226911972122,0.00447899391605,0.0683190225621,24,relu,2,8,20,40,normal,Adam,MSE,relu,linear,1
11,40,0.0286510307108,0.249207346977,0.0078459906938,0.10570596085,24,relu,1,8,20,40,normal,Adamax,MSE,relu,linear,1
12,40,0.0292207355783,0.243930339066,0.00446117804703,0.0669633567847,24,relu,1,8,20,40,normal,RMSprop,MSE,relu,linear,1
13,40,0.0283657850283,0.252256963507,0.0148935782028,0.179582999662,24,relu,2,8,20,40,normal,SGD,MSE,relu,linear,1
