,round_epochs,val_loss,val_r_value,loss,r_value,first_neuron,first_activation,hidden_layer,hidden_neuron,batch_size,epochs,kernel_initializer,optimizers,losses,activation,last_activation,lr,drop_out
0,80,0.0252546029557,0.221007676894,0.00326092938033,0.0562262850622,12,relu,2,16,20,80,normal,<class 'keras.optimizers.RMSprop'>,MSE,relu,linear,1,0
1,80,0.0245844599525,0.212999886667,0.0042962012426,0.0651837061323,12,relu,2,8,20,80,normal,<class 'keras.optimizers.RMSprop'>,MSE,relu,linear,1,0
2,80,0.0265381592954,0.230632098304,0.00223850771641,0.0448450553949,24,relu,2,8,20,80,normal,<class 'keras.optimizers.RMSprop'>,MSE,relu,linear,1,0.1
3,80,0.0256703253135,0.216554419748,0.00331550188247,0.054164709341,12,relu,2,16,20,80,normal,<class 'keras.optimizers.RMSprop'>,MSE,relu,linear,1,0.1
4,80,0.0258207600564,0.217878311219,0.00199419468479,0.0416817215148,24,relu,2,16,20,80,normal,<class 'keras.optimizers.RMSprop'>,MSE,relu,linear,1,0.1
5,80,0.0269684745612,0.244034419052,0.00194764519734,0.0408141507053,24,relu,2,16,20,80,normal,<class 'keras.optimizers.RMSprop'>,MSE,relu,linear,1,0
6,80,0.0252094881253,0.225368250313,0.00262048091581,0.0482758245341,24,relu,2,8,20,80,normal,<class 'keras.optimizers.RMSprop'>,MSE,relu,linear,1,0
7,80,0.0254137415007,0.218308584443,0.00480106369335,0.069744339611,12,relu,2,8,20,80,normal,<class 'keras.optimizers.RMSprop'>,MSE,relu,linear,1,0.1
