,round_epochs,val_loss,val_r_value,loss,r_value,first_neuron,first_activation,hidden_layer,hidden_neuron,batch_size,epochs,kernel_initializer,optimizers,losses,activation,last_activation,lr,drop_out
0,80,0.0268735148562,0.238125588453,0.00328108757448,0.0548217643866,12,relu,2,16,20,80,normal,RMSprop,MSE,relu,linear,1,0
1,80,0.0267566248226,0.228277557696,0.00185970451425,0.0400111438151,24,relu,2,16,20,80,normal,RMSprop,MSE,relu,linear,1,0.1
2,80,0.0257503808911,0.223704172339,0.00436398167471,0.0672058546646,12,relu,2,8,20,80,normal,RMSprop,MSE,relu,linear,1,0
3,80,0.0250975988852,0.214897029265,0.00262521966047,0.0486624484988,24,relu,2,8,20,80,normal,RMSprop,MSE,relu,linear,1,0
4,80,0.0232833070523,0.205629448158,0.00476843640777,0.0702105683093,12,relu,2,8,20,80,normal,RMSprop,MSE,relu,linear,1,0.1
5,80,0.0250093584653,0.214622877421,0.00245791338408,0.047977873564,24,relu,2,8,20,80,normal,RMSprop,MSE,relu,linear,1,0.1
6,80,0.0251669969094,0.219272874739,0.00411406264512,0.0633183478749,12,relu,2,16,20,80,normal,RMSprop,MSE,relu,linear,1,0.1
7,80,0.0252912953718,0.220436518282,0.00221732452427,0.0420253657697,24,relu,2,16,20,80,normal,RMSprop,MSE,relu,linear,1,0
