,round_epochs,val_loss,val_r_value,loss,r_value,first_neuron,first_activation,hidden_layer,hidden_neuron,batch_size,epochs,kernel_initializer,optimizers,losses,activation,last_activation,lr
0,120,0.0245196609743,0.217671318114,0.00759615258262,0.100950217564,24,relu,1,24,120,120,uniform,SGD,MSE,relu,linear,5
1,120,0.0264434536458,0.222163432444,0.00752946459772,0.0989694904796,24,linear,1,24,120,120,uniform,SGD,MSE,relu,linear,5
2,120,0.0256527630922,0.222911345361,0.0143476336802,0.169026364175,24,linear,1,24,120,120,uniform,SGD,MSE,linear,linear,5
3,120,0.0248305435325,0.220577054823,0.00902326229723,0.116075699369,24,relu,1,24,120,120,uniform,SGD,MSE,linear,linear,5
