,round_epochs,val_loss,val_r_value,loss,r_value,first_neuron,first_activation,hidden_layer,hidden_neuron,batch_size,epochs,kernel_initializer,optimizers,losses,activation,last_activation,lr,drop_out
0,120,0.0256595726134,0.22483739752,0.00336512061275,0.0567383534197,24,relu,1,24,120,120,uniform,<class 'keras.optimizers.SGD'>,MSE,relu,linear,5,0
1,120,0.0277918791661,0.240397713588,0.00459647121363,0.0712218978672,24,linear,1,24,120,120,uniform,<class 'keras.optimizers.SGD'>,MSE,relu,linear,5,0
2,120,0.0279501111518,0.237794608532,0.00407594958643,0.0613357663248,24,relu,1,24,120,120,uniform,<class 'keras.optimizers.SGD'>,MSE,linear,linear,5,0
3,120,0.0247970395503,0.218449337355,0.0142333630958,0.166130022743,24,linear,1,24,120,120,uniform,<class 'keras.optimizers.SGD'>,MSE,linear,linear,5,0
