,round_epochs,val_loss,val_r_value,loss,r_value,first_neuron,first_activation,hidden_layer,hidden_neuron,batch_size,epochs,kernel_initializer,optimizers,losses,activation,last_activation,lr,drop_out
0,40,0.122417876666,0.499098936405,0.118547803393,0.639855306598,24,linear,3,8,20,40,normal,<class 'keras.optimizers.Adam'>,MSE,linear,linear,1,0
1,40,0.0395778837004,0.323983382095,0.0266054627488,0.319670945849,24,linear,3,2,20,40,normal,<class 'keras.optimizers.Adam'>,MSE,linear,linear,1,0
2,40,0.0385557204882,0.338809725072,0.0305135540122,0.390394936153,24,linear,4,4,20,40,normal,<class 'keras.optimizers.Adam'>,MSE,linear,linear,1,0
3,40,0.321971308942,0.587589441048,0.166695474831,0.712812019589,24,linear,2,2,20,40,normal,<class 'keras.optimizers.Adam'>,MSE,linear,linear,1,0
4,40,0.1575905793,0.710893702918,0.154949161289,0.739085773751,24,linear,4,8,20,40,normal,<class 'keras.optimizers.Adam'>,MSE,linear,linear,1,0
5,40,0.993511534223,0.811169219615,1.0329604484,0.949486931974,24,linear,2,4,20,40,normal,<class 'keras.optimizers.Adam'>,MSE,linear,linear,1,0
6,40,0.0302821932985,0.25909016237,0.0209125456143,0.24883751479,24,linear,3,4,20,40,normal,<class 'keras.optimizers.Adam'>,MSE,linear,linear,1,0
7,40,3.91227656921,0.864270942899,3.36543908246,0.919778013845,24,linear,2,8,20,40,normal,<class 'keras.optimizers.Adam'>,MSE,linear,linear,1,0
8,40,0.0693692250475,0.456484998842,0.0433614815854,0.5343525574,24,linear,4,2,20,40,normal,<class 'keras.optimizers.Adam'>,MSE,linear,linear,1,0
