,round_epochs,val_loss,val_r_value,loss,r_value,first_neuron,first_activation,hidden_layer,hidden_neuron,batch_size,epochs,kernel_initializer,optimizers,losses,activation,last_activation,lr,drop_out
0,40,0.412492517767,0.761268947939,0.374402004219,0.713605846104,18,relu,1,8,20,40,normal,<class 'keras.optimizers.Adam'>,MSE,relu,linear,1,0
1,40,0.0609642127675,0.492220984357,0.0395762144574,0.460631012263,24,linear,1,8,20,40,normal,<class 'keras.optimizers.Adam'>,MSE,relu,linear,1,0
2,40,0.228345674828,0.640096389388,0.0731910083183,0.705842034931,12,linear,1,8,20,40,normal,<class 'keras.optimizers.Adam'>,MSE,relu,linear,1,0
3,40,0.0360977178188,0.306953981005,0.0225332438356,0.274700836456,18,relu,2,8,20,40,normal,<class 'keras.optimizers.Adam'>,MSE,relu,linear,1,0
4,40,0.210190171265,0.686867401144,0.203548006953,0.695890454594,18,relu,2,8,20,40,normal,<class 'keras.optimizers.Adam'>,MSE,linear,linear,1,0
5,40,0.0496446049909,0.433312671312,0.0466024911814,0.462519557287,24,relu,2,8,20,40,normal,<class 'keras.optimizers.Adam'>,MSE,linear,linear,1,0
6,40,0.554128448604,0.771620348329,0.418532718694,0.727946095711,24,relu,1,8,20,40,normal,<class 'keras.optimizers.Adam'>,MSE,relu,linear,1,0
7,40,1.16056707511,0.996024907196,1.20394814168,0.973771193388,12,linear,2,8,20,40,normal,<class 'keras.optimizers.Adam'>,MSE,relu,linear,1,0
8,40,0.0618360342464,0.474694744733,0.0398022081257,0.421768954702,24,relu,2,8,20,40,normal,<class 'keras.optimizers.Adam'>,MSE,relu,linear,1,0
9,40,0.0493547093345,0.449397918759,0.043540923078,0.451631613093,24,relu,1,8,20,40,normal,<class 'keras.optimizers.Adam'>,MSE,linear,linear,1,0
10,40,0.0684960044477,0.426582391733,0.0697820453424,0.508215009139,12,relu,1,8,20,40,normal,<class 'keras.optimizers.Adam'>,MSE,linear,linear,1,0
11,40,0.166253473505,0.733274844747,0.170409472874,0.803795427387,12,relu,2,8,20,40,normal,<class 'keras.optimizers.Adam'>,MSE,linear,linear,1,0
12,40,0.852324376472,0.7874158931,0.78406417986,0.940968814453,12,linear,1,8,20,40,normal,<class 'keras.optimizers.Adam'>,MSE,linear,linear,1,0
13,40,0.0471165784661,0.364556009119,0.0415752711899,0.450669349407,18,linear,2,8,20,40,normal,<class 'keras.optimizers.Adam'>,MSE,linear,linear,1,0
14,40,4.77956235072,0.872412497721,4.08317354646,0.904731061651,24,linear,2,8,20,40,normal,<class 'keras.optimizers.Adam'>,MSE,linear,linear,1,0
15,40,0.0685369625197,0.781879429907,0.051510080911,0.718964735325,12,relu,2,8,20,40,normal,<class 'keras.optimizers.Adam'>,MSE,relu,linear,1,0
16,40,0.375753390378,0.540459347743,0.325545698148,0.601945814717,24,linear,1,8,20,40,normal,<class 'keras.optimizers.Adam'>,MSE,linear,linear,1,0
17,40,0.0389999485689,0.339375789076,0.0242332072204,0.291156340691,12,relu,1,8,20,40,normal,<class 'keras.optimizers.Adam'>,MSE,relu,linear,1,0
18,40,1.00303883444,0.784158219738,0.986023652806,0.915224960892,18,linear,1,8,20,40,normal,<class 'keras.optimizers.Adam'>,MSE,linear,linear,1,0
19,40,0.037477283613,0.327893584873,0.0301713284937,0.343444933486,24,linear,2,8,20,40,normal,<class 'keras.optimizers.Adam'>,MSE,relu,linear,1,0
20,40,0.0571022969101,0.461006073369,0.130366205702,0.53279054697,18,relu,1,8,20,40,normal,<class 'keras.optimizers.Adam'>,MSE,linear,linear,1,0
21,40,0.0592248644505,0.465345314117,0.0370254309348,0.405216709748,18,linear,1,8,20,40,normal,<class 'keras.optimizers.Adam'>,MSE,relu,linear,1,0
22,40,0.0545518062308,0.423028953397,0.040476346422,0.48178128862,12,linear,2,8,20,40,normal,<class 'keras.optimizers.Adam'>,MSE,linear,linear,1,0
23,40,0.0447698062619,0.402519892376,0.0266650060488,0.321679832045,18,linear,2,8,20,40,normal,<class 'keras.optimizers.Adam'>,MSE,relu,linear,1,0
