,round_epochs,val_loss,val_r_value,loss,r_value,first_neuron,first_activation,hidden_layer,hidden_neuron,batch_size,epochs,kernel_initializer,optimizers,losses,activation,last_activation
0,40,0.552594874907,0.782906164196,0.757554584121,0.842660459253,24,linear,2,8,20,40,normal,Adamax,MSE,linear,linear
1,40,0.575373266371,0.660159563944,5.96088932937,0.781431953143,24,linear,2,8,20,40,normal,Adadelta,MSE,linear,linear
2,40,0.258511539397,0.772501512007,6151.22506299,0.950571136168,24,linear,1,8,20,40,normal,RMSprop,MSE,linear,linear
3,40,0.188478144452,0.493513660184,0.180405597122,0.645941612584,24,linear,2,8,20,40,normal,Nadam,MSE,linear,linear
4,40,nan,nan,nan,nan,24,linear,2,8,20,40,normal,SGD,MSE,linear,linear
5,40,0.38790947638,0.71653886032,0.443528998897,0.778693612236,24,linear,1,8,20,40,normal,Adagrad,MSE,linear,linear
6,40,0.0662390453782,0.270107139988,0.0602951224707,0.316725109411,24,linear,2,8,20,40,normal,Adam,MSE,linear,linear
7,40,0.215904735426,0.774021079174,2184.05595012,0.85819398512,24,linear,2,8,20,40,normal,RMSprop,MSE,linear,linear
8,40,0.0934257602617,0.472222046792,0.122394551339,0.555499381821,24,linear,1,8,20,40,normal,Nadam,MSE,linear,linear
9,40,1.0545259318,0.665819204339,108.932712343,0.795871234444,24,linear,1,8,20,40,normal,Adadelta,MSE,linear,linear
10,40,0.75504561502,0.85968165861,0.699196419029,0.9400221838,24,linear,2,8,20,40,normal,Adagrad,MSE,linear,linear
11,40,nan,nan,nan,nan,24,linear,1,8,20,40,normal,SGD,MSE,linear,linear
12,40,0.657463246378,0.789239213571,0.54398314838,0.830876324825,24,linear,1,8,20,40,normal,Adamax,MSE,linear,linear
13,40,0.083104676167,0.382664744383,0.0867571717211,0.477262378392,24,linear,1,8,20,40,normal,Adam,MSE,linear,linear
