,round_epochs,val_loss,val_r_value,loss,r_value,first_neuron,first_activation,hidden_layer,hidden_neuron,batch_size,epochs,kernel_initializer,optimizers,losses,activation,last_activation,lr,drop_out
0,40,nan,nan,nan,nan,24,linear,2,8,20,40,normal,<class 'keras.optimizers.SGD'>,MSE,linear,linear,1,0
1,40,0.198885241132,0.775881536515,0.178096573639,0.832948222651,24,linear,2,8,20,40,normal,<class 'keras.optimizers.Adam'>,MSE,linear,linear,1,0
2,40,0.96845607567,0.781563874322,10489.6347244,0.760404102393,24,linear,1,8,20,40,normal,<class 'keras.optimizers.RMSprop'>,MSE,linear,linear,1,0
3,40,0.422768545842,0.825587691558,0.447459587242,0.852318999911,24,linear,2,8,20,40,normal,<class 'keras.optimizers.Nadam'>,MSE,linear,linear,1,0
4,40,3.63830336807,0.985278167882,3.30561390834,1.00331410899,24,linear,1,8,20,40,normal,<class 'keras.optimizers.Adamax'>,MSE,linear,linear,1,0
5,40,0.455056634349,0.781594533905,1.45021161757,0.808483051152,24,linear,1,8,20,40,normal,<class 'keras.optimizers.Adadelta'>,MSE,linear,linear,1,0
6,40,0.829488968774,0.564099738964,0.524791993288,0.635720425177,24,linear,1,8,20,40,normal,<class 'keras.optimizers.Nadam'>,MSE,linear,linear,1,0
7,40,nan,nan,nan,nan,24,linear,1,8,20,40,normal,<class 'keras.optimizers.SGD'>,MSE,linear,linear,1,0
8,40,2.95734002074,0.936478909654,2.36508390702,0.982229053834,24,linear,2,8,20,40,normal,<class 'keras.optimizers.Adagrad'>,MSE,linear,linear,1,0
9,40,0.0766091347792,0.539060117309,0.0680531718204,0.582507510015,24,linear,1,8,20,40,normal,<class 'keras.optimizers.Adam'>,MSE,linear,linear,1,0
10,40,0.0645010311705,0.772067669417,0.048951056826,0.808981165162,24,linear,2,8,20,40,normal,<class 'keras.optimizers.RMSprop'>,MSE,linear,linear,1,0
11,40,0.205910971312,0.712327609615,0.169416562166,0.806518325231,24,linear,2,8,20,40,normal,<class 'keras.optimizers.Adadelta'>,MSE,linear,linear,1,0
12,40,1.05919945875,0.818686333383,0.829711255564,0.806631151222,24,linear,1,8,20,40,normal,<class 'keras.optimizers.Adagrad'>,MSE,linear,linear,1,0
13,40,1.4051770566,0.781346422378,1.33484222792,0.925033454047,24,linear,2,8,20,40,normal,<class 'keras.optimizers.Adamax'>,MSE,linear,linear,1,0
